<?xml version="1.0" encoding="ISO-8859-1"?>
<!DOCTYPE metadata SYSTEM "http://www.fgdc.gov/metadata/fgdc-std-001-1998.dtd">
<metadata>
	<idinfo>
		<citation>
			<citeinfo>
				<origin>James W. Sewall Company</origin>
				<pubdate>2009</pubdate>
				<title Sync="TRUE">gisdata.GISADMIN.Buildings</title>
				<geoform Sync="TRUE">vector digital data</geoform>
				<ftname Sync="TRUE">gisdata.GISADMIN.Buildings</ftname><onlink Sync="TRUE">Service=sde:sqlserver:gis; Database=gisdata; User=gisadmin; Version=sde.DEFAULT</onlink></citeinfo>
		</citation>
		<descript>
			<abstract>This GIS layer contains vector data compiled photogrametrically on softcopy stereo plotters.</abstract>
			<purpose>To providing quality vector mapping.</purpose>
			<langdata Sync="TRUE">en</langdata></descript>
		<timeperd>
			<timeinfo>
				<mdattim><sngdate><caldate>November 18, 2009</caldate><time>9:52AM - 10:45AM</time></sngdate><sngdate><caldate>November 18, 2009</caldate><time>12:00PM - 12:42PM</time></sngdate></mdattim></timeinfo>
			<current>Photography Date</current>
		</timeperd>
		<status>
			<progress>Complete</progress>
			<update>To Be Determined</update>
		</status>
		<spdom>
			<bounding>
				<westbc Sync="TRUE">-68.859844</westbc>
				<eastbc Sync="TRUE">-68.717914</eastbc>
				<northbc Sync="TRUE">44.877804</northbc>
				<southbc Sync="TRUE">44.777187</southbc>
			</bounding>
			<lboundng><leftbc Sync="TRUE">890975.330000</leftbc><rightbc Sync="TRUE">927667.298000</rightbc><bottombc Sync="TRUE">405011.210000</bottombc><topbc Sync="TRUE">441562.119500</topbc></lboundng><minalti Sync="TRUE">0.000000</minalti><maxalti Sync="TRUE">358.475300</maxalti></spdom>
		<keywords>
			<theme>
				<themekt>None</themekt>
				<themekey>Photogrammetic</themekey>
				<themekey>Digital vector map</themekey>
				<themekey>Aerial photography</themekey>
			</theme>
			<place>
				<placekt>None</placekt>
			</place>
			<temporal>
				<tempkt>None</tempkt>
			</temporal>
		</keywords>
		<accconst>Permission must be obtained from the City of Bangor, Maine</accconst>
		<useconst>Permission must be obtained from the City of Bangor, Maine</useconst>
		<ptcontac>
			<cntinfo>
				<cntorgp>
					<cntorg>James W. Sewall Company</cntorg>
				</cntorgp>
				<cntaddr>
					<addrtype>mailing address</addrtype>
					<address>PO Box 433</address>
					<city>Old Town</city>
					<state>ME</state>
					<postal>04468</postal>
					<country>US</country>
				</cntaddr>
				<cntvoice>207-827-4456</cntvoice>
				<cntfax>207-827-3641</cntfax>
				<hours>8 AM - 5 PM</hours>
			</cntinfo>
		</ptcontac>
		<datacred>James W. Sewall Company</datacred>
		<native Sync="TRUE">Microsoft Windows XP Version 5.1 (Build 2600) Service Pack 3; ESRI ArcCatalog 9.3.1.4000</native>
		<crossref>
			<citeinfo>
				<origin>James W. Sewall Company</origin>
				<title>Photogrammetric Vector Data</title>
			</citeinfo>
		</crossref>
		<natvform Sync="TRUE">Shapefile</natvform></idinfo>
	<dataqual>
		<attracc>
		</attracc>
		<posacc>
			<horizpa>
				<horizpar>National Map Accuracy Standards for 1"=100' scale mapping.</horizpar>
				<qhorizpa>
					<horizpav>+/- 3.33'</horizpav>
					<horizpae>National Map Accuracy Standards (NMAS) met for 1"=100' scale mapping.</horizpae>
				</qhorizpa>
			</horizpa>
			<vertacc>
				<vertaccr>National Map Accuracy Standards for 1"=100' scale mapping.</vertaccr>
				<qvertpa>
					<vertaccv>+/- 1.0' for Contours</vertaccv>
					<vertacce>National Map Accuracy Standards (NMAS) met for 1"=100' scale mapping.</vertacce>
				</qvertpa>
				<qvertpa>
					<vertaccv>+/- 0.50' for spots</vertaccv>
					<vertacce>National Map Accuracy Standards (NMAS) met for 1"=100' scale mapping.</vertacce>
				</qvertpa>
			</vertacc>
		</posacc>
		<lineage>
			<srcinfo>
				<srctime>
					<timeinfo>
						<rngdates>
						</rngdates>
					</timeinfo>
				</srctime>
			</srcinfo>
			<procstep><procdesc Sync="TRUE">Dataset copied.</procdesc><srcused Sync="TRUE">C:\temp\Joined\Building</srcused><procdate Sync="TRUE">20110804</procdate><proctime Sync="TRUE">12035900</proctime></procstep></lineage>
	</dataqual>
	<spdoinfo>
		<direct Sync="TRUE">Vector</direct>
		<ptvctinf>
			<sdtsterm Name="gisdata.GISADMIN.Buildings">
				<sdtstype Sync="TRUE">G-polygon</sdtstype>
				<ptvctcnt Sync="TRUE">0</ptvctcnt>
			</sdtsterm>
			<esriterm Name="gisdata.GISADMIN.Buildings"><efeatyp Sync="TRUE">Simple</efeatyp><efeageom Sync="TRUE">Polygon</efeageom><esritopo Sync="TRUE">FALSE</esritopo><efeacnt Sync="TRUE">0</efeacnt><spindex Sync="TRUE">TRUE</spindex><linrefer Sync="TRUE">TRUE</linrefer></esriterm></ptvctinf>
	</spdoinfo>
	<spref>
		<horizsys>
			<planar>
				<planci>
					<plance Sync="TRUE">coordinate pair</plance>
					<coordrep>
						<absres Sync="TRUE">0.000328</absres>
						<ordres Sync="TRUE">0.000328</ordres>
					</coordrep>
					<plandu Sync="TRUE">survey feet</plandu>
				</planci>
				<gridsys><gridsysn Sync="TRUE">State Plane Coordinate System 1983</gridsysn><spcs><spcszone Sync="TRUE">1801</spcszone><transmer><sfctrmer Sync="TRUE">0.999900</sfctrmer><longcm Sync="TRUE">-68.500000</longcm><latprjo Sync="TRUE">43.666667</latprjo><feast Sync="TRUE">984250.000000</feast><fnorth Sync="TRUE">0.000000</fnorth></transmer></spcs></gridsys></planar>
			<geodetic>
				<horizdn Sync="TRUE">North American Datum of 1983</horizdn>
				<ellips Sync="TRUE">Geodetic Reference System 80</ellips>
				<semiaxis Sync="TRUE">6378137.000000</semiaxis>
				<denflat Sync="TRUE">298.257222</denflat>
			</geodetic>
			<cordsysn><geogcsn Sync="TRUE">GCS_North_American_1983</geogcsn><projcsn Sync="TRUE">NAD_1983_StatePlane_Maine_East_FIPS_1801_Feet</projcsn></cordsysn></horizsys>
		<vertdef>
			<altsys>
				<altdatum>North American Vertical Datum of 1988</altdatum>
				<altres Sync="TRUE">0.000100</altres>
				<altunits>feet</altunits>
				<altenc Sync="TRUE">Explicit elevation coordinate included with horizontal coordinates</altenc>
			</altsys>
		</vertdef>
	</spref>
	<eainfo>
		<detailed Name="gisdata.GISADMIN.Buildings"><enttyp><enttypl Sync="TRUE">gisdata.GISADMIN.Buildings</enttypl><enttypt Sync="TRUE">Feature Class</enttypt><enttypc Sync="TRUE">0</enttypc></enttyp><attr><attrlabl Sync="TRUE">OBJECTID</attrlabl><attalias Sync="TRUE">OBJECTID</attalias><attrtype Sync="TRUE">OID</attrtype><attwidth Sync="TRUE">4</attwidth><atprecis Sync="TRUE">10</atprecis><attscale Sync="TRUE">0</attscale><attrdef Sync="TRUE">Internal feature number.</attrdef><attrdefs Sync="TRUE">ESRI</attrdefs><attrdomv><udom Sync="TRUE">Sequential unique whole numbers that are automatically generated.</udom></attrdomv></attr><attr><attrlabl Sync="TRUE">SHAPE</attrlabl><attalias Sync="TRUE">Shape</attalias><attrtype Sync="TRUE">Geometry</attrtype><attwidth Sync="TRUE">4</attwidth><atprecis Sync="TRUE">0</atprecis><attscale Sync="TRUE">0</attscale><attrdef Sync="TRUE">Feature geometry.</attrdef><attrdefs Sync="TRUE">ESRI</attrdefs><attrdomv><udom Sync="TRUE">Coordinates defining the features.</udom></attrdomv></attr><attr><attrlabl Sync="TRUE">Type</attrlabl><attalias Sync="TRUE">Type</attalias><attrtype Sync="TRUE">String</attrtype><attwidth Sync="TRUE">24</attwidth></attr><attr><attrlabl Sync="TRUE">Quad</attrlabl><attalias Sync="TRUE">Quad</attalias><attrtype Sync="TRUE">Number</attrtype><attwidth Sync="TRUE">10</attwidth></attr><attr><attrlabl Sync="TRUE">BLDG_NAME</attrlabl><attalias Sync="TRUE">BLDG_NAME</attalias><attrtype Sync="TRUE">String</attrtype><attwidth Sync="TRUE">50</attwidth></attr><attr><attrlabl Sync="TRUE">BLDG_AREA</attrlabl><attalias Sync="TRUE">BLDG_AREA</attalias><attrtype Sync="TRUE">Number</attrtype><attwidth Sync="TRUE">10</attwidth></attr><attr><attrlabl Sync="TRUE">MAP_LOT</attrlabl><attalias Sync="TRUE">MAP_LOT</attalias><attrtype Sync="TRUE">String</attrtype><attwidth Sync="TRUE">17</attwidth></attr><attr><attrlabl Sync="TRUE">PROP_ADDRS</attrlabl><attalias Sync="TRUE">PROP_ADDRS</attalias><attrtype Sync="TRUE">String</attrtype><attwidth Sync="TRUE">30</attwidth></attr><attr><attrlabl Sync="TRUE">BLDG_TYPE</attrlabl><attalias Sync="TRUE">BLDG_TYPE</attalias><attrtype Sync="TRUE">String</attrtype><attwidth Sync="TRUE">25</attwidth></attr><subtype><stname Sync="TRUE">Building</stname><stcode Sync="TRUE">0</stcode></subtype><attr><attrlabl Sync="TRUE">Shape.area</attrlabl><attalias Sync="TRUE">Shape.area</attalias><attrtype Sync="TRUE">Double</attrtype><attwidth Sync="TRUE">0</attwidth><atprecis Sync="TRUE">0</atprecis><attscale Sync="TRUE">0</attscale></attr><attr><attrlabl Sync="TRUE">Shape.len</attrlabl><attalias Sync="TRUE">Shape.len</attalias><attrtype Sync="TRUE">Double</attrtype><attwidth Sync="TRUE">0</attwidth><atprecis Sync="TRUE">0</atprecis><attscale Sync="TRUE">0</attscale></attr></detailed></eainfo>
	<distinfo>
		<resdesc>Downloadable Data</resdesc>
		<stdorder><digform><digtinfo><transize Sync="TRUE">0.022</transize><dssize Sync="TRUE">0.022</dssize></digtinfo></digform></stdorder></distinfo>
	<metainfo>
		<metd Sync="TRUE">20121022</metd>
		<metc>
			<cntinfo>
				<cntorgp>
					<cntorg>James W. Sewall Company</cntorg>
				</cntorgp>
				<cntaddr>
					<addrtype>mailing address</addrtype>
					<address>PO Box 433</address>
					<city>Old Town</city>
					<state>ME</state>
					<postal>04468</postal>
					<country>US</country>
				</cntaddr>
				<cntvoice>207-827-4456</cntvoice>
				<cntfax>207-827-3641</cntfax>
				<hours>8 AM - 5 PM</hours>
			</cntinfo>
		</metc>
		<metstdn Sync="TRUE">FGDC Content Standards for Digital Geospatial Metadata</metstdn>
		<metstdv Sync="TRUE">FGDC-STD-001-1998</metstdv>
		<mettc Sync="TRUE">local time</mettc>
		<langmeta Sync="TRUE">en</langmeta><metextns><onlink Sync="TRUE">http://www.esri.com/metadata/esriprof80.html</onlink><metprof Sync="TRUE">ESRI Metadata Profile</metprof></metextns></metainfo>
	<Esri><CreaDate>20110804</CreaDate><CreaTime>12035900</CreaTime><SyncOnce>FALSE</SyncOnce><SyncDate>20130206</SyncDate><SyncTime>16134100</SyncTime><ModDate>20130206</ModDate><ModTime>16134100</ModTime><DataProperties><lineage><Process ToolSource="C:\Program Files\ArcGIS\ArcToolbox\Toolboxes\Conversion Tools.tbx\FeatureClassToFeatureClass" Date="20100617" Time="154334">FeatureClassToFeatureClass D:\GIS_DUMP\SewallData.mdb\BuildingPolygon "Database Connections\gisadmin@gisdata@gis.sde" Buildings # # # "Database Connections\gisadmin@gisdata@gis.sde\gisdata.GISADMIN.Buildings"</Process><Process ToolSource="C:\Program Files\ArcGIS\ArcToolbox\Toolboxes\Conversion Tools.tbx\FeatureClassToFeatureClass" Date="20100716" Time="161936">FeatureClassToFeatureClass "Database Connections\gisadmin@gisdata@gis.sde\gisdata.GISADMIN.Buildings" "C:\Documents and Settings\sgambrel\Desktop\New Folder" BldgsForJoin.shp # "Subtype 'Subtype' true true false 18 Text 0 0 ,First,#,Database Connections\gisadmin@gisdata@gis.sde\gisdata.GISADMIN.Buildings,Subtype,-1,-1;Area_SF 'Area_SF' true true false 4 Long 0 10 ,First,#,Database Connections\gisadmin@gisdata@gis.sde\gisdata.GISADMIN.Buildings,Area_SF,-1,-1;Shape_area 'Shape_area' false false true 0 Double 0 0 ,First,#,Database Connections\gisadmin@gisdata@gis.sde\gisdata.GISADMIN.Buildings,Shape.area,-1,-1;Shape_len 'Shape_len' false false true 0 Double 0 0 ,First,#,Database Connections\gisadmin@gisdata@gis.sde\gisdata.GISADMIN.Buildings,Shape.len,-1,-1" # "C:\Documents and Settings\sgambrel\Desktop\New Folder\BldgsForJoin.shp"</Process><Process ToolSource="C:\Program Files\ArcGIS\ArcToolbox\Toolboxes\Analysis Tools.tbx\SpatialJoin" Date="20100716" Time="162148">SpatialJoin BldgsForJoin PublicBldgs_PT "C:\Documents and Settings\sgambrel\Desktop\New Folder\BldgsForJoin_SpatialJoin.shp" JOIN_ONE_TO_ONE KEEP_ALL "Subtype 'Subtype' true true false 18 Text 0 0 ,First,#,C:\Documents and Settings\sgambrel\Desktop\New Folder\BldgsForJoin.shp,Subtype,-1,-1;Area_SF 'Area_SF' true true false 10 Double 0 10 ,First,#,C:\Documents and Settings\sgambrel\Desktop\New Folder\BldgsForJoin.shp,Area_SF,-1,-1;Type 'Type' true true false 24 Text 0 0 ,First,#,C:\Documents and Settings\sgambrel\Desktop\New Folder\PublicBldgs_PT.shp,Type,-1,-1;Name 'Name' true true false 24 Text 0 0 ,First,#,C:\Documents and Settings\sgambrel\Desktop\New Folder\PublicBldgs_PT.shp,Name,-1,-1" CONTAINS "0 Feet" #</Process><Process ToolSource="C:\Program Files\ArcGIS\ArcToolbox\Toolboxes\Conversion Tools.tbx\FeatureClassToFeatureClass" Date="20100716" Time="162814">FeatureClassToFeatureClass "C:\Documents and Settings\sgambrel\Desktop\New Folder\Buildings.shp" "Database Connections\gisadmin@gisdata@gis.sde" Buildings # "Subtype 'Subtype' true true false 18 Text 0 0 ,First,#,C:\Documents and Settings\sgambrel\Desktop\New Folder\Buildings.shp,Subtype,-1,-1;Area_SF 'Area_SF' true true false 10 Double 0 10 ,First,#,C:\Documents and Settings\sgambrel\Desktop\New Folder\Buildings.shp,Area_SF,-1,-1;Type 'Type' true true false 24 Text 0 0 ,First,#,C:\Documents and Settings\sgambrel\Desktop\New Folder\Buildings.shp,Type,-1,-1;Name 'Name' true true false 24 Text 0 0 ,First,#,C:\Documents and Settings\sgambrel\Desktop\New Folder\Buildings.shp,Name,-1,-1" # "Database Connections\gisadmin@gisdata@gis.sde\gisdata.GISADMIN.Buildings"</Process><Process ToolSource="C:\Program Files\ArcGIS\ArcToolbox\Toolboxes\Analysis Tools.tbx\Clip" Date="20110803" Time="091018">Clip "New Group Layer\gisdata.GISADMIN.Buildings" CAD_Clipbox C:\temp\Building.shp #</Process><Process ToolSource="C:\Program Files\ArcGIS\ArcToolbox\Toolboxes\Analysis Tools.tbx\SpatialJoin" Date="20110803" Time="100229">SpatialJoin Clipped\Building CAD_Clipbox C:\temp\Joined\Building.shp JOIN_ONE_TO_MANY KEEP_ALL "Subtype 'Subtype' true true false 18 Text 0 0 ,First,#,C:\temp\Building.shp,Subtype,-1,-1;Area_SF 'Area_SF' true true false 10 Double 0 10 ,First,#,C:\temp\Building.shp,Area_SF,-1,-1;Type 'Type' true true false 24 Text 0 0 ,First,#,C:\temp\Building.shp,Type,-1,-1;Name 'Name' true true false 24 Text 0 0 ,First,#,C:\temp\Building.shp,Name,-1,-1;Shape_area 'Shape_area' true true false 19 Double 0 0 ,First,#,C:\temp\Building.shp,Shape_area,-1,-1;Shape_len 'Shape_len' true true false 19 Double 0 0 ,First,#,C:\temp\Building.shp,Shape_len,-1,-1;Id 'Id' true true false 6 Long 0 6 ,First,#,\\Gis\GIS_DATA\GIS_Data\CAD\GISPrep\CAD_Clipbox.shp,Id,-1,-1" INTERSECTS "0 Feet" #</Process><Process ToolSource="C:\Program Files\ArcGIS\ArcToolbox\Toolboxes\Data Management Tools.tbx\CopyFeatures" Date="20110804" Time="162113">CopyFeatures \\Gis\GIS_DATA\GIS_Data\CAD\GISPrep\Data\Building.shp "Database Connections\gisadmin@gisdata@gis.sde\gisdata.GISADMIN.Building" # 0 0 0</Process><Process ToolSource="C:\Program Files\ArcGIS\ArcToolbox\Toolboxes\Data Management Tools.tbx\AddField" Date="20121022" Time="120526">AddField gisdata.GISADMIN.Buildings BLDG_AREA LONG # # # # NULLABLE NON_REQUIRED # gisdata.GISADMIN.Buildings</Process><Process ToolSource="C:\Program Files\ArcGIS\ArcToolbox\Toolboxes\Conversion Tools.tbx\FeatureClassToFeatureClass" Date="20121022" Time="163425">FeatureClassToFeatureClass B:\Projects\Administrator\_Data\gisadmin@gisdata@gis.sde\gisdata.GISADMIN.Buildings B:\Projects\Administrator\TempForNRSA Buildings2.shp # "Type 'Type' true true false 24 Text 0 0 ,First,#,B:\Projects\Administrator\_Data\gisadmin@gisdata@gis.sde\gisdata.GISADMIN.Buildings,Type,-1,-1;Quad 'Quad' true true false 2 Short 0 5 ,First,#,B:\Projects\Administrator\_Data\gisadmin@gisdata@gis.sde\gisdata.GISADMIN.Buildings,Quad,-1,-1;BLDG_NAME 'BLDG_NAME' true true false 50 Text 0 0 ,First,#,B:\Projects\Administrator\_Data\gisadmin@gisdata@gis.sde\gisdata.GISADMIN.Buildings,BLDG_NAME,-1,-1;BLDG_AREA 'BLDG_AREA' true true false 4 Long 0 10 ,First,#,B:\Projects\Administrator\_Data\gisadmin@gisdata@gis.sde\gisdata.GISADMIN.Buildings,BLDG_AREA,-1,-1;BLDGAREA 'BLDGAREA' true true false 8 Double 8 38 ,First,#,B:\Projects\Administrator\_Data\gisadmin@gisdata@gis.sde\gisdata.GISADMIN.Buildings,BLDGAREA,-1,-1;Shape_area 'Shape_area' false false true 0 Double 0 0 ,First,#,B:\Projects\Administrator\_Data\gisadmin@gisdata@gis.sde\gisdata.GISADMIN.Buildings,Shape.area,-1,-1;Shape_len 'Shape_len' false false true 0 Double 0 0 ,First,#,B:\Projects\Administrator\_Data\gisadmin@gisdata@gis.sde\gisdata.GISADMIN.Buildings,Shape.len,-1,-1" # B:\Projects\Administrator\TempForNRSA\Buildings2.shp</Process><Process ToolSource="C:\Program Files\ArcGIS\ArcToolbox\Toolboxes\Analysis Tools.tbx\SpatialJoin" Date="20121022" Time="164021">SpatialJoin Buildings2 PrimBldgPtJoin B:\Projects\Administrator\TempForNRSA\Buildings2_SpatialJoin.shp JOIN_ONE_TO_ONE KEEP_ALL "Type 'Type' true true false 24 Text 0 0 ,First,#,B:\Projects\Administrator\TempForNRSA\Buildings2.shp,Type,-1,-1;Quad 'Quad' true true false 5 Long 0 5 ,First,#,B:\Projects\Administrator\TempForNRSA\Buildings2.shp,Quad,-1,-1;BLDG_NAME 'BLDG_NAME' true true false 50 Text 0 0 ,First,#,B:\Projects\Administrator\TempForNRSA\Buildings2.shp,BLDG_NAME,-1,-1;BLDG_AREA 'BLDG_AREA' true true false 10 Double 0 10 ,First,#,B:\Projects\Administrator\TempForNRSA\Buildings2.shp,BLDG_AREA,-1,-1;Shape_area 'Shape_area' true true false 19 Double 0 0 ,First,#,B:\Projects\Administrator\TempForNRSA\Buildings2.shp,Shape_area,-1,-1;Shape_len 'Shape_len' true true false 19 Double 0 0 ,First,#,B:\Projects\Administrator\TempForNRSA\Buildings2.shp,Shape_len,-1,-1;MAP_LOT 'MAP_LOT' true true false 17 Text 0 0 ,First,#,B:\Projects\Administrator\TempForNRSA\PrimBldgPtJoin.shp,MAP_LOT,-1,-1;PROP_ADDRS 'PROP_ADDRS' true true false 30 Text 0 0 ,First,#,B:\Projects\Administrator\TempForNRSA\PrimBldgPtJoin.shp,PROP_ADDRS,-1,-1;BLDG_TYPE 'BLDG_TYPE' true true false 25 Text 0 0 ,First,#,B:\Projects\Administrator\TempForNRSA\PrimBldgPtJoin.shp,BLDG_TYPE,-1,-1" INTERSECTS "0 Feet" #</Process><Process ToolSource="C:\Program Files\ArcGIS\ArcToolbox\Toolboxes\Conversion Tools.tbx\FeatureClassToFeatureClass" Date="20121022" Time="165311">FeatureClassToFeatureClass B:\Projects\Administrator\TempForNRSA\BuildingsFinal.shp B:\Projects\Administrator\_Data\gisadmin@gisdata@gis.sde Buildings # "Type 'Type' true true false 24 Text 0 0 ,First,#,B:\Projects\Administrator\TempForNRSA\BuildingsFinal.shp,Type,-1,-1;Quad 'Quad' true true false 5 Long 0 5 ,First,#,B:\Projects\Administrator\TempForNRSA\BuildingsFinal.shp,Quad,-1,-1;BLDG_NAME 'BLDG_NAME' true true false 50 Text 0 0 ,First,#,B:\Projects\Administrator\TempForNRSA\BuildingsFinal.shp,BLDG_NAME,-1,-1;BLDG_AREA 'BLDG_AREA' true true false 10 Double 0 10 ,First,#,B:\Projects\Administrator\TempForNRSA\BuildingsFinal.shp,BLDG_AREA,-1,-1;MAP_LOT 'MAP_LOT' true true false 17 Text 0 0 ,First,#,B:\Projects\Administrator\TempForNRSA\BuildingsFinal.shp,MAP_LOT,-1,-1;PROP_ADDRS 'PROP_ADDRS' true true false 30 Text 0 0 ,First,#,B:\Projects\Administrator\TempForNRSA\BuildingsFinal.shp,PROP_ADDRS,-1,-1;BLDG_TYPE 'BLDG_TYPE' true true false 25 Text 0 0 ,First,#,B:\Projects\Administrator\TempForNRSA\BuildingsFinal.shp,BLDG_TYPE,-1,-1" # B:\Projects\Administrator\_Data\gisadmin@gisdata@gis.sde\gisdata.GISADMIN.Buildings</Process><Process ToolSource="C:\Program Files\ArcGIS\ArcToolbox\Toolboxes\Conversion Tools.tbx\FeatureClassToFeatureClass" Date="20130206" Time="161347">FeatureClassToFeatureClass B:\Projects\Administrator\_Data\gisadmin@gisdata@gis.sde\gisdata.GISADMIN.Buildings "C:\Documents and Settings\sgambrel\Desktop\New Folder" Buildings.shp # "Type 'Type' true true false 24 Text 0 0 ,First,#,B:\Projects\Administrator\_Data\gisadmin@gisdata@gis.sde\gisdata.GISADMIN.Buildings,Type,-1,-1;Quad 'Quad' true true false 4 Long 0 10 ,First,#,B:\Projects\Administrator\_Data\gisadmin@gisdata@gis.sde\gisdata.GISADMIN.Buildings,Quad,-1,-1;BLDG_NAME 'BLDG_NAME' true true false 50 Text 0 0 ,First,#,B:\Projects\Administrator\_Data\gisadmin@gisdata@gis.sde\gisdata.GISADMIN.Buildings,BLDG_NAME,-1,-1;BLDG_AREA 'BLDG_AREA' true true false 8 Double 0 10 ,First,#,B:\Projects\Administrator\_Data\gisadmin@gisdata@gis.sde\gisdata.GISADMIN.Buildings,BLDG_AREA,-1,-1;MAP_LOT 'MAP_LOT' true true false 17 Text 0 0 ,First,#,B:\Projects\Administrator\_Data\gisadmin@gisdata@gis.sde\gisdata.GISADMIN.Buildings,MAP_LOT,-1,-1;PROP_ADDRS 'PROP_ADDRS' true true false 30 Text 0 0 ,First,#,B:\Projects\Administrator\_Data\gisadmin@gisdata@gis.sde\gisdata.GISADMIN.Buildings,PROP_ADDRS,-1,-1;BLDG_TYPE 'BLDG_TYPE' true true false 25 Text 0 0 ,First,#,B:\Projects\Administrator\_Data\gisadmin@gisdata@gis.sde\gisdata.GISADMIN.Buildings,BLDG_TYPE,-1,-1;Shape_area 'Shape_area' false false true 0 Double 0 0 ,First,#,B:\Projects\Administrator\_Data\gisadmin@gisdata@gis.sde\gisdata.GISADMIN.Buildings,Shape.area,-1,-1;Shape_len 'Shape_len' false false true 0 Double 0 0 ,First,#,B:\Projects\Administrator\_Data\gisadmin@gisdata@gis.sde\gisdata.GISADMIN.Buildings,Shape.len,-1,-1" # "C:\Documents and Settings\sgambrel\Desktop\New Folder\Buildings.shp"</Process></lineage></DataProperties><MetaID>{B8053F08-939D-49FF-B1A7-63D9101FB00A}</MetaID></Esri><distInfo><distributor><distorTran><onLineSrc><linkage Sync="TRUE">file://Service=sde:sqlserver:gis; Database=gisdata; User=gisadmin; Version=sde.DEFAULT</linkage><protocol Sync="TRUE">Local Area Network</protocol><orDesc Sync="TRUE">002</orDesc></onLineSrc></distorTran><distorFormat><formatName Sync="TRUE">SDE Feature Class</formatName></distorFormat></distributor></distInfo><dataIdInfo><envirDesc Sync="TRUE">Microsoft Windows XP Version 5.1 (Build 2600) Service Pack 3; ESRI ArcCatalog 9.3.1.4000</envirDesc><dataLang><languageCode Sync="TRUE" value="en"></languageCode></dataLang><idCitation><resTitle Sync="TRUE">gisdata.GISADMIN.Buildings</resTitle><presForm><PresFormCd Sync="TRUE" value="005"></PresFormCd></presForm></idCitation><spatRpType><SpatRepTypCd Sync="TRUE" value="001"></SpatRepTypCd></spatRpType><dataExt><geoEle><GeoBndBox esriExtentType="native"><westBL Sync="TRUE">890975.33</westBL><eastBL Sync="TRUE">927667.298</eastBL><northBL Sync="TRUE">441562.1195</northBL><southBL Sync="TRUE">405011.21</southBL><exTypeCode Sync="TRUE">1</exTypeCode></GeoBndBox></geoEle><vertEle><vertMinVal Sync="TRUE">16.9475</vertMinVal><vertMaxVal Sync="TRUE">226.6364</vertMaxVal></vertEle></dataExt><geoBox esriExtentType="decdegrees"><westBL Sync="TRUE">-68.859844</westBL><eastBL Sync="TRUE">-68.717914</eastBL><northBL Sync="TRUE">44.877804</northBL><southBL Sync="TRUE">44.777187</southBL><exTypeCode Sync="TRUE">1</exTypeCode></geoBox></dataIdInfo><mdLang><languageCode Sync="TRUE" value="en"></languageCode></mdLang><mdStanName Sync="TRUE">ISO 19115 Geographic Information - Metadata</mdStanName><mdStanVer Sync="TRUE">DIS_ESRI1.0</mdStanVer><mdChar><CharSetCd Sync="TRUE" value="004"></CharSetCd></mdChar><mdHrLv><ScopeCd Sync="TRUE" value="005"></ScopeCd></mdHrLv><mdHrLvName Sync="TRUE">dataset</mdHrLvName><refSysInfo><RefSystem><refSysID><identCode Sync="TRUE">NAD_1983_StatePlane_Maine_East_FIPS_1801_Feet</identCode></refSysID></RefSystem></refSysInfo><spatRepInfo><VectSpatRep><topLvl><TopoLevCd Sync="TRUE" value="001"></TopoLevCd></topLvl><geometObjs Name="gisdata.GISADMIN.Buildings"><geoObjTyp><GeoObjTypCd Sync="TRUE" value="001"></GeoObjTypCd></geoObjTyp><geoObjCnt Sync="TRUE">0</geoObjCnt></geometObjs></VectSpatRep></spatRepInfo><mdDateSt Sync="TRUE">20121022</mdDateSt></metadata>
